nacionalidad,first_name,last_name,email,gender,ip_address
Brazil,Nelia,Phebee,nphebee0@taobao.com,Female,160.140.87.65
Serbia,Doralynn,Bazylets,dbazylets1@skype.com,Female,164.94.137.67
North Korea,Damon,Tatham,dtatham2@istockphoto.com,Male,94.153.23.5
China,Harmonie,Cahey,hcahey3@apache.org,Female,95.167.126.106
Russia,Nikki,Folkard,nfolkard4@uiuc.edu,Male,224.202.76.46
China,Roscoe,Neely,rneely5@shop-pro.jp,Male,159.61.224.25
Argentina,Viola,Poytres,vpoytres6@reuters.com,Female,234.46.233.169
Kazakhstan,Isadore,Bleddon,ibleddon7@opera.com,Male,83.42.85.74
France,Byron,McDool,bmcdool8@soup.io,Non-binary,143.137.111.128
China,Margareta,Ready,mready9@webnode.com,Female,212.3.145.24
Indonesia,Tamra,Demanche,tdemanchea@umich.edu,Female,234.167.63.250
Bosnia and Herzegovina,Hersch,Cobain,hcobainb@google.fr,Male,57.65.254.26
Cuba,Etienne,Iacoviello,eiacovielloc@issuu.com,Male,
Indonesia,Hobie,Leates,hleatesd@businessinsider.com,Male,177.212.107.143
Sweden,Stanislaw,Paddon,spaddone@npr.org,Male,250.163.235.180
Sweden,Alica,Rief,arieff@go.com,Female,108.131.21.56
Portugal,Clarette,Perrinchief,cperrinchiefg@comcast.net,Female,54.70.3.150
Philippines,William,Schultes,wschultesh@g.co,Male,227.9.137.206
China,Gertie,Lindenberg,glindenbergi@fema.gov,Female,188.250.255.242
China,Hamlen,Waterfield,hwaterfieldj@sohu.com,Male,61.204.95.227
Indonesia,Billi,Bauduin,bbauduink@bigcartel.com,Female,17.145.104.170
China,Gianni,Mansuer,gmansuerl@ted.com,Male,127.66.233.69
China,Haley,Vassano,hvassanom@yelp.com,Female,52.173.133.94
France,Ardelia,Ghirigori,aghirigorin@etsy.com,Female,90.115.254.122
Philippines,Quintana,Tomasian,qtomasiano@wikimedia.org,Female,64.248.64.203
Norway,Jo,Pridham,jpridhamp@reverbnation.com,Male,
China,Shelagh,Prene,spreneq@merriam-webster.com,Female,157.75.151.162
Indonesia,Ardys,Bulter,abulterr@cpanel.net,Female,224.251.150.153
Angola,Pattie,Nicholl,pnicholls@flavors.me,Female,123.212.76.183
China,Amby,Filer,afilert@woothemes.com,Male,7.192.67.244
Poland,Tierney,Winram,twinramu@mediafire.com,Female,134.15.239.65
Peru,Franni,Fenich,ffenichv@pbs.org,Female,51.64.112.145
Nigeria,Birch,Kinavan,bkinavanw@scribd.com,Male,253.236.10.12
Chile,Myer,Pascall,mpascallx@merriam-webster.com,Male,154.57.230.130
Indonesia,Ernaline,Henrique,ehenriquey@example.com,Female,
China,Bax,Cawtheray,bcawtherayz@freewebs.com,Male,246.223.167.166
Denmark,Melicent,Letcher,,Female,108.89.3.84
Canada,Thom,Stoppard,tstoppard11@w3.org,Male,114.36.125.36
Argentina,Sarge,Vella,svella12@yandex.ru,Male,24.8.207.180
China,Britteny,Goghin,bgoghin13@mysql.com,Female,134.163.210.36
China,Silvana,Kilfether,skilfether14@accuweather.com,Female,52.110.113.168
Thailand,Bettina,Danis,bdanis15@scientificamerican.com,Female,133.46.56.228
Indonesia,Jaymee,Wicklin,,Female,13.130.194.253
Nigeria,Padgett,Redhead,predhead17@phoca.cz,Male,57.22.231.161
China,Wallace,Gerriet,wgerriet18@usnews.com,Male,117.12.139.8
Mexico,Blanca,Hallor,bhallor19@economist.com,Female,54.1.137.13
Ukraine,Frasier,Rushbrook,frushbrook1a@columbia.edu,Genderfluid,190.25.154.10
United States,Teddie,Castelot,tcastelot1b@indiatimes.com,Female,11.250.94.76
China,Sherwood,Dearsley,sdearsley1c@theglobeandmail.com,Male,49.112.52.127
Indonesia,Farand,Brislan,fbrislan1d@mit.edu,Female,81.13.236.247
Indonesia,Irvine,Creighton,icreighton1e@topsy.com,Male,131.91.28.57
Japan,Marianna,Rittmeier,mrittmeier1f@squidoo.com,Polygender,133.245.75.83
Indonesia,Clayborne,Bagenal,cbagenal1g@state.tx.us,Male,179.179.188.219
Azerbaijan,Aubrie,Tillard,atillard1h@uiuc.edu,Female,
Uzbekistan,Alastair,Lockton,alockton1i@kickstarter.com,Male,222.225.88.166
China,Nyssa,Purle,npurle1j@nyu.edu,Female,99.46.196.189
Czech Republic,Rich,Coltherd,rcoltherd1k@latimes.com,Male,168.36.249.159
Portugal,Pattin,Mahaddie,pmahaddie1l@who.int,Male,48.242.13.222
Ukraine,Ramsey,Swatridge,rswatridge1m@engadget.com,Male,252.101.198.26
Indonesia,Thibaut,Campes,tcampes1n@spiegel.de,Male,220.153.166.247
Vietnam,Beverie,Girth,bgirth1o@marketwatch.com,Female,202.10.5.94
South Korea,Kahaleel,Fancutt,kfancutt1p@berkeley.edu,Male,
Indonesia,Federico,Niezen,fniezen1q@webnode.com,Male,65.225.231.96
Indonesia,Alica,Louthe,,Female,238.177.24.158
Indonesia,Edsel,Skevington,eskevington1s@bravesites.com,Male,196.184.177.139
Chile,Averil,Loftie,aloftie1t@cbsnews.com,Female,204.233.96.220
Canada,Haze,Heathfield,hheathfield1u@opera.com,Male,139.93.29.213
Svalbard and Jan Mayen,Eadie,Waldocke,ewaldocke1v@hugedomains.com,Female,138.202.191.134
China,Mendie,Woolham,mwoolham1w@oracle.com,Male,
Lithuania,Sissie,Rosettini,srosettini1x@un.org,Female,16.155.187.152
Costa Rica,Hershel,Petters,hpetters1y@weebly.com,Male,48.233.184.199
Philippines,Prentiss,Hacket,phacket1z@chronoengine.com,Male,
Chad,Fitzgerald,Dalgarnocht,fdalgarnocht20@shop-pro.jp,Male,1.148.27.206
Portugal,Essie,McLeoid,emcleoid21@zimbio.com,Female,176.11.108.202
Slovenia,Stafford,Dollen,sdollen22@un.org,Male,46.239.81.38
Philippines,Adelaide,Bresson,abresson23@uiuc.edu,Female,232.73.252.221
China,Fedora,Castagne,fcastagne24@fda.gov,Female,210.117.91.26
Brazil,Lamont,Naylor,lnaylor25@posterous.com,Male,165.48.6.208
Poland,Arlen,Oliveras,,Male,233.99.184.44
United States,Dottie,Hutcheson,dhutcheson27@umich.edu,Agender,12.224.49.65
Czech Republic,Corbin,Dot,cdot28@symantec.com,Male,114.234.71.65
China,Kameko,Ostick,kostick29@eepurl.com,Female,16.162.132.180
Cuba,Enrique,Doeg,edoeg2a@360.cn,Male,193.225.204.219
China,Jacinda,Ferroli,jferroli2b@toplist.cz,Female,72.129.219.111
China,Jule,Hagland,jhagland2c@marketwatch.com,Male,84.214.243.223
Indonesia,Fredia,Matteoli,fmatteoli2d@msn.com,Female,201.189.117.241
Russia,Charleen,Dunning,cdunning2e@sitemeter.com,Female,0.21.84.241
Russia,Ira,Castillon,icastillon2f@ycombinator.com,Male,126.199.182.77
Indonesia,Maje,McTeer,mmcteer2g@usda.gov,Genderfluid,178.114.45.44
Indonesia,Eldridge,Flook,eflook2h@paypal.com,Male,225.30.220.90
United States,Valencia,Eccersley,veccersley2i@engadget.com,Female,136.194.168.125
Indonesia,Graehme,Rosingdall,grosingdall2j@naver.com,Male,233.223.66.241
Tunisia,Arman,Tolle,atolle2k@home.pl,Male,80.210.181.211
Netherlands,Flss,Gagg,fgagg2l@domainmarket.com,Female,156.97.71.35
Russia,Ingra,Beadell,ibeadell2m@zdnet.com,Male,160.235.19.62
Indonesia,Forster,Jouaneton,fjouaneton2n@icq.com,Male,0.104.29.122
Indonesia,Gannie,Stevenson,gstevenson2o@cam.ac.uk,Male,51.169.204.127
Argentina,Myrtie,McIlvaney,mmcilvaney2p@reference.com,Female,127.161.125.35
Poland,Read,Parsley,rparsley2q@home.pl,Male,22.25.240.152
Brazil,Johnathon,Martinelli,jmartinelli2r@cam.ac.uk,Male,153.46.206.80
Philippines,Vito,Venditto,vvenditto2s@umn.edu,Male,171.5.122.126
Azerbaijan,Calley,Tanman,ctanman2t@jiathis.com,Female,175.144.63.254
Poland,Lexy,Stanistrete,lstanistrete2u@businesswire.com,Female,76.134.152.124
China,Spence,Sawney,ssawney2v@ed.gov,Male,227.97.20.11
Honduras,Rockie,O'Crotty,rocrotty2w@guardian.co.uk,Male,
China,Rustin,Brisson,rbrisson2x@miitbeian.gov.cn,Non-binary,15.196.159.136
Russia,Fidel,Blasiak,fblasiak2y@si.edu,Male,34.99.175.76
China,Mar,Berget,mberget2z@a8.net,Male,160.134.170.1
Grenada,Gwen,Manjin,,Female,121.58.50.216
Philippines,Ram,Enderlein,,Male,109.2.135.142
Myanmar,Clayton,Tofts,ctofts32@smh.com.au,Male,142.213.83.45
China,Fred,Heaphy,fheaphy33@vimeo.com,Male,98.89.94.45
China,Georgetta,Williment,gwilliment34@surveymonkey.com,Female,8.152.101.198
Russia,Madge,Carl,mcarl35@woothemes.com,Female,117.38.213.217
Malaysia,Maddi,Parkes,mparkes36@time.com,Female,
Czech Republic,Ekaterina,Kahen,ekahen37@weather.com,Female,91.126.123.145
Philippines,Theodora,Dobby,tdobby38@baidu.com,Agender,12.34.44.43
Portugal,Orlando,Camilleri,ocamilleri39@gizmodo.com,Male,151.164.87.178
Ethiopia,Elisabeth,Pawden,epawden3a@stumbleupon.com,Female,57.16.191.223
China,Shaylyn,Wennam,swennam3b@senate.gov,Female,
Ivory Coast,Loella,Thurley,lthurley3c@sun.com,Female,184.121.126.175
Croatia,Parsifal,Belfield,pbelfield3d@geocities.com,Male,94.179.112.227
Argentina,Hunter,Jirus,hjirus3e@wordpress.org,Male,53.129.136.180
Portugal,Zachary,Bargery,zbargery3f@answers.com,Male,115.37.152.94
Greece,Ralph,Bourne,,Male,
Indonesia,Fabio,Cammacke,fcammacke3h@people.com.cn,Male,9.43.177.67
Peru,Dalia,Gozzard,dgozzard3i@nhs.uk,Female,149.68.27.214
China,Kara-lynn,Mardall,kmardall3j@washington.edu,Genderfluid,234.202.134.103
Canada,Hardy,Isakovic,hisakovic3k@mayoclinic.com,Male,246.215.6.249
China,Parker,Pennells,ppennells3l@msn.com,Male,44.150.101.155
Poland,Rey,Ilive,rilive3m@ameblo.jp,Male,72.114.133.61
Poland,Tammy,Bool,tbool3n@reuters.com,Genderfluid,193.40.198.53
Ukraine,Stillman,Spera,sspera3o@bizjournals.com,Male,196.35.119.148
China,Gilbert,Dewitt,gdewitt3p@liveinternet.ru,Male,117.1.232.31
South Africa,Rafi,Munt,rmunt3q@uol.com.br,Male,11.89.201.56
Netherlands,Rudiger,McCarrick,rmccarrick3r@studiopress.com,Male,181.4.28.137
Germany,Hernando,Cammish,hcammish3s@storify.com,Male,228.84.197.55
China,Beilul,Crosskill,bcrosskill3t@discuz.net,Female,145.170.140.87
Mexico,Neal,Faithorn,nfaithorn3u@smugmug.com,Male,238.243.148.203
Argentina,Diahann,Huff,dhuff3v@taobao.com,Non-binary,145.227.217.225
Czech Republic,Pauly,O'Lynn,polynn3w@naver.com,Male,255.86.7.123
Russia,Laina,Dykas,ldykas3x@etsy.com,Agender,13.151.47.10
Indonesia,Stephi,Aspital,saspital3y@answers.com,Female,226.89.195.229
Philippines,Stanislaw,Sangar,ssangar3z@wunderground.com,Male,33.191.66.157
China,Onida,Hackney,ohackney40@webmd.com,Female,246.167.107.251
China,Raeann,Snar,rsnar41@sbwire.com,Female,4.224.195.95
Montenegro,Yule,Dowyer,ydowyer42@drupal.org,Male,166.68.140.231
Philippines,Vanny,Blythe,vblythe43@yahoo.com,Female,30.127.231.91
Japan,Maud,Sehorsch,msehorsch44@deliciousdays.com,Female,11.42.236.34
Russia,Daniel,Minogue,dminogue45@shop-pro.jp,Male,162.251.18.153
Indonesia,Farley,Chinge de Hals,fchingedehals46@xinhuanet.com,Male,197.232.232.44
Finland,Ody,Karolczyk,okarolczyk47@odnoklassniki.ru,Male,
Indonesia,Jacquette,Tomlin,jtomlin48@symantec.com,Female,80.142.16.80
Colombia,Griff,Abdy,gabdy49@about.me,Male,174.55.88.2
Albania,Viki,de Clerq,vdeclerq4a@sitemeter.com,Female,157.225.15.170
Finland,Lazarus,Northidge,lnorthidge4b@wikispaces.com,Male,77.28.224.192
China,Galen,Hartland,ghartland4c@weebly.com,Male,187.176.241.199
Egypt,Philis,Tyhurst,ptyhurst4d@livejournal.com,Female,23.217.34.56
Russia,Sigrid,Yeomans,syeomans4e@slate.com,Female,214.213.23.167
Honduras,Hyacintha,Lebel,,Female,133.42.133.206
Canada,Cookie,Colvine,ccolvine4g@altervista.org,Female,246.216.104.24
Brazil,Aurthur,Beneyto,abeneyto4h@vk.com,Male,84.245.28.197
Democratic Republic of the Congo,Henrieta,Zecchetti,hzecchetti4i@stumbleupon.com,Female,94.14.39.232
Czech Republic,Madison,Dymott,mdymott4j@canalblog.com,Male,208.169.245.30
Mongolia,Averyl,Maleck,amaleck4k@phpbb.com,Agender,
Philippines,Rab,Risborough,rrisborough4l@unicef.org,Male,79.157.218.206
Iran,Agnella,Boog,aboog4m@cnet.com,Female,109.111.67.204
Brazil,Knox,Everleigh,keverleigh4n@abc.net.au,Male,93.19.28.128
Argentina,Shauna,O' Quirk,soquirk4o@mozilla.org,Female,220.73.200.7
France,Lin,Deschelle,ldeschelle4p@pagesperso-orange.fr,Non-binary,59.247.246.132
Czech Republic,Louise,Collinge,lcollinge4q@rediff.com,Bigender,132.176.184.209
Philippines,Judd,Faichnie,jfaichnie4r@businessweek.com,Male,204.14.66.209
Mexico,Mayor,Brickhill,mbrickhill4s@seattletimes.com,Male,147.68.167.171
Indonesia,Noemi,McGlue,nmcglue4t@example.com,Female,184.225.192.63
Indonesia,Dehlia,Axcel,daxcel4u@yahoo.co.jp,Female,194.5.76.195
Nigeria,Helaine,Dibnah,hdibnah4v@wunderground.com,Female,206.21.40.150
China,Gerard,Sapena,,Male,
Mexico,Chance,Reaney,creaney4x@merriam-webster.com,Male,126.99.202.79
Thailand,Dorie,Sawfoot,dsawfoot4y@ihg.com,Male,83.187.207.230
China,Marlin,Totton,mtotton4z@baidu.com,Male,62.88.254.127
China,Tabbi,Shrimplin,tshrimplin50@unesco.org,Female,44.87.80.105
China,Web,Vallack,wvallack51@princeton.edu,Male,246.52.37.63
China,Xena,Goodbanne,xgoodbanne52@google.ru,Female,148.113.166.115
China,Betta,Vasyushkhin,bvasyushkhin53@etsy.com,Female,255.175.88.124
Sweden,Barbaraanne,Pordall,bpordall54@elegantthemes.com,Female,232.17.161.131
Philippines,Ruthi,Yarrington,ryarrington55@columbia.edu,Female,139.97.207.20
Sweden,Derron,Aish,daish56@booking.com,Male,
China,Nikita,Grigolli,ngrigolli57@sourceforge.net,Male,117.74.94.42
Sweden,Moses,Pray,mpray58@ted.com,Male,171.92.66.67
Portugal,Leopold,Pauli,lpauli59@sina.com.cn,Male,185.79.214.82
Croatia,Tito,Bantock,tbantock5a@pbs.org,Male,252.59.170.242
Panama,Anderson,Ludwell,aludwell5b@trellian.com,Male,
Tajikistan,Catherina,Newe,cnewe5c@amazon.com,Female,97.58.205.20
France,Worden,Malacrida,wmalacrida5d@engadget.com,Male,250.162.92.144
China,Roma,Edmeades,redmeades5e@icio.us,Male,89.201.234.120
Poland,Norbie,Smale,nsmale5f@vinaora.com,Male,14.93.169.94
Philippines,Lacey,Korf,lkorf5g@japanpost.jp,Non-binary,242.170.73.44
Morocco,Sutton,Base,sbase5h@who.int,Male,53.126.116.89
China,Zitella,Ryal,zryal5i@sitemeter.com,Female,206.199.99.85
Canada,Gwendolin,Fayers,,Female,37.52.51.48
Bahamas,Gennie,Jaquiss,gjaquiss5k@pbs.org,Female,205.105.211.89
Iran,Christie,Derye-Barrett,cderyebarrett5l@gizmodo.com,Female,
China,Bathsheba,Willmer,,Female,151.92.71.235
Honduras,Cynthy,Chessil,cchessil5n@aboutads.info,Female,145.214.126.236
China,Henri,Surgey,hsurgey5o@webeden.co.uk,Male,138.67.21.136
Canada,Hasheem,Mouser,hmouser5p@over-blog.com,Non-binary,68.110.217.170
Greece,Veriee,Llywarch,vllywarch5q@hc360.com,Female,82.146.134.42
China,Hilario,Gumbley,hgumbley5r@weebly.com,Male,251.2.160.13
Honduras,Rodrick,Fewkes,rfewkes5s@go.com,Male,
Indonesia,Emmerich,Laborde,elaborde5t@histats.com,Male,163.96.133.219
China,Wyndham,Whyley,wwhyley5u@prnewswire.com,Male,143.203.181.144
Pakistan,Jany,McTurley,jmcturley5v@scribd.com,Female,232.18.230.123
Indonesia,Nikolos,Coneau,nconeau5w@hhs.gov,Male,
China,Gabrielle,Oke,goke5x@utexas.edu,Female,2.245.146.82
Turkmenistan,Layton,Georgel,lgeorgel5y@de.vu,Male,16.109.90.210
Indonesia,Marge,MacCallion,mmaccallion5z@opensource.org,Non-binary,
Portugal,Kristo,Jailler,kjailler60@hibu.com,Male,
Uzbekistan,Dulcy,Trembey,dtrembey61@comcast.net,Non-binary,164.147.140.246
Czech Republic,Hayyim,Mathys,hmathys62@chron.com,Bigender,245.134.202.95
Mexico,Cissiee,Harborow,charborow63@sohu.com,Genderqueer,
Russia,Valentino,Galbraeth,,Male,91.223.143.125
Sweden,Janie,Galpen,jgalpen65@sciencedirect.com,Female,
Thailand,Yulma,Scheffler,yscheffler66@bluehost.com,Male,122.70.211.110
Sweden,Maison,Fausset,mfausset67@ucoz.com,Male,99.242.27.136
France,Cristal,Dawidsohn,cdawidsohn68@cpanel.net,Female,100.46.129.254
Indonesia,Jessalin,Lambie,jlambie69@macromedia.com,Female,191.185.87.189
Sudan,Olvan,Suffield,osuffield6a@google.de,Male,140.148.8.79
Peru,Judas,Walshe,jwalshe6b@walmart.com,Male,22.83.203.88
Argentina,Brucie,Myrie,bmyrie6c@google.pl,Male,88.212.82.14
Indonesia,Boycey,McPhelimey,bmcphelimey6d@nifty.com,Male,65.54.185.55
Indonesia,Merrilee,Kellert,mkellert6e@artisteer.com,Female,217.166.216.148
Canada,Silvia,McKelvey,smckelvey6f@opera.com,Female,129.101.159.91
Poland,Hyacinthia,Meads,hmeads6g@reuters.com,Female,75.87.234.116
France,Mandi,Hugnot,mhugnot6h@dmoz.org,Female,228.103.32.106
China,Carr,Mateus,cmateus6i@w3.org,Male,56.223.172.221
Greece,Brewer,Slaymaker,bslaymaker6j@comsenz.com,Male,213.173.249.86
Sweden,Francis,Juara,fjuara6k@hao123.com,Male,153.107.112.240
Poland,Hadley,Brocklesby,hbrocklesby6l@imageshack.us,Male,19.123.216.96
Argentina,Bridgette,Bath,,Polygender,109.210.125.233
Netherlands,Mick,Fraschini,mfraschini6n@psu.edu,Bigender,195.88.210.175
Indonesia,Guenna,Cunah,gcunah6o@mashable.com,Female,134.130.14.83
Lithuania,Felicity,Pughsley,fpughsley6p@timesonline.co.uk,Polygender,85.205.37.199
Russia,Ondrea,Vandrill,ovandrill6q@eepurl.com,Female,66.63.6.119
Pakistan,Trudey,Hackelton,thackelton6r@pinterest.com,Female,97.77.191.104
Ukraine,Aloysius,Kenward,akenward6s@youtu.be,Male,127.249.147.241
China,Gun,Pinckard,gpinckard6t@nsw.gov.au,Male,236.0.130.185
Indonesia,Jackie,Rentenbeck,jrentenbeck6u@fc2.com,Male,39.36.46.211
China,Riane,Luety,rluety6v@webs.com,Female,154.200.220.68
Dominican Republic,Joeann,Leal,jleal6w@intel.com,Female,162.118.188.107
China,Win,Hunsworth,whunsworth6x@mlb.com,Male,
Sweden,Pedro,Wetherell,pwetherell6y@wordpress.com,Male,70.176.223.217
Indonesia,Gilda,Rodinger,grodinger6z@usnews.com,Female,207.180.138.31
Indonesia,Eulalie,Sadd,esadd70@reddit.com,Bigender,4.51.169.176
Indonesia,Antone,Jeckell,ajeckell71@cisco.com,Male,191.101.104.137
Indonesia,Chrysler,Baraclough,cbaraclough72@4shared.com,Female,216.58.205.168
China,Vergil,Cake,vcake73@woothemes.com,Male,139.46.189.203
Indonesia,Thurston,Hardisty,thardisty74@cnet.com,Male,47.247.56.140
Netherlands,Egan,Ransome,eransome75@ask.com,Male,229.90.187.242
Cape Verde,Giacomo,Stickel,gstickel76@phoca.cz,Male,133.38.188.194
China,Merv,Baggot,mbaggot77@webmd.com,Male,28.165.229.95
Portugal,Giffer,Duinbleton,gduinbleton78@vimeo.com,Male,96.205.2.67
China,Vitoria,Haylett,vhaylett79@bloglines.com,Female,51.239.184.141
China,Minnnie,Ramberg,mramberg7a@skyrock.com,Female,83.22.35.240
Colombia,Linoel,Leverton,lleverton7b@xinhuanet.com,Male,207.229.184.14
Bulgaria,Horten,Parlatt,,Male,136.3.125.250
Poland,Gilbert,Willeson,gwilleson7d@free.fr,Male,9.180.236.175
North Korea,Ruperto,Heaker,rheaker7e@slashdot.org,Male,244.235.251.55
Indonesia,Veronika,Feaster,vfeaster7f@sbwire.com,Female,157.128.91.234
Greece,Garrard,Matteoni,gmatteoni7g@slate.com,Male,
France,Agace,Jurczik,ajurczik7h@yellowpages.com,Female,249.87.17.130
Colombia,Lena,Robjents,lrobjents7i@shutterfly.com,Non-binary,18.96.80.45
East Timor,Augustine,Proud,aproud7j@unesco.org,Female,242.254.235.138
Ethiopia,Rocky,Olrenshaw,rolrenshaw7k@cpanel.net,Male,36.171.124.142
China,Riordan,Seywood,rseywood7l@loc.gov,Male,249.48.95.175
Colombia,Kevyn,Rantoull,krantoull7m@netlog.com,Female,
Palestinian Territory,Frank,Benedtti,fbenedtti7n@marketwatch.com,Female,
Canada,Cally,Minney,cminney7o@europa.eu,Female,
Portugal,Jameson,Stelle,jstelle7p@prlog.org,Male,189.22.22.38
South Africa,Korrie,Osbaldstone,kosbaldstone7q@desdev.cn,Female,50.76.68.31
Indonesia,Shalna,Trowl,strowl7r@marketwatch.com,Female,82.28.42.245
United States,Cortney,Leeves,cleeves7s@independent.co.uk,Female,8.142.172.189
Philippines,Tyler,Plaster,tplaster7t@utexas.edu,Male,107.124.151.216
Argentina,Augusto,Spenley,aspenley7u@mozilla.org,Male,68.234.232.224
Japan,Imelda,McCobb,imccobb7v@ox.ac.uk,Female,108.178.249.39
Mauritius,Jordon,Pinsent,jpinsent7w@seesaa.net,Male,41.246.167.91
Indonesia,Carney,McClymont,cmcclymont7x@fema.gov,Male,24.142.41.18
Macedonia,Emmy,Crigin,ecrigin7y@tripadvisor.com,Female,157.62.212.123
Indonesia,Simona,Test,stest7z@ehow.com,Female,60.129.192.238
Mexico,Bjorn,Leeke,bleeke80@opensource.org,Male,231.149.158.169
Indonesia,Theadora,Fearenside,tfearenside81@nba.com,Polygender,137.111.26.101
Indonesia,Drake,Domerque,ddomerque82@artisteer.com,Male,70.230.25.190
Kazakhstan,Forrester,Picott,fpicott83@squarespace.com,Male,72.209.26.245
China,Shirline,Cuttelar,scuttelar84@etsy.com,Female,146.74.223.104
Portugal,Kirsteni,Gilvary,kgilvary85@chron.com,Female,230.2.121.112
France,Siobhan,Caveau,scaveau86@amazon.com,Female,135.132.133.33
China,Dinny,Hazzard,dhazzard87@springer.com,Female,39.152.194.34
Canada,Margarete,Wisson,mwisson88@indiatimes.com,Female,179.208.27.196
Indonesia,Marla,Elmar,melmar89@seattletimes.com,Female,135.213.12.29
China,Skipper,Beadnell,sbeadnell8a@blogspot.com,Male,76.106.219.169
Philippines,Lesley,Fadell,lfadell8b@nyu.edu,Polygender,205.21.185.231
Argentina,Nikola,Summerscales,nsummerscales8c@cbslocal.com,Male,210.79.109.51
China,Hodge,Weed,hweed8d@1und1.de,Male,87.250.97.72
China,Lucais,Lusty,llusty8e@ft.com,Male,232.124.76.15
Namibia,Dwayne,Doorbar,ddoorbar8f@yale.edu,Male,177.254.45.255
Philippines,Maire,Boxer,mboxer8g@twitter.com,Female,106.201.198.147
Iceland,Kary,Dillingham,kdillingham8h@wp.com,Female,161.36.207.222
Kyrgyzstan,Parnell,Hamshar,phamshar8i@nps.gov,Male,138.65.246.139
South Korea,Blake,Tym,btym8j@qq.com,Female,204.226.99.71
Gambia,Ginni,Rockhill,grockhill8k@boston.com,Female,34.121.110.70
Indonesia,Bliss,Faircliffe,bfaircliffe8l@whitehouse.gov,Female,161.38.114.36
Argentina,Jsandye,Pill,jpill8m@princeton.edu,Female,209.61.59.33
Argentina,Alexei,Nudde,anudde8n@google.com,Male,232.173.117.192
Armenia,Rickey,Pidon,rpidon8o@elpais.com,Male,33.1.180.182
Russia,Wilt,Minifie,wminifie8p@paypal.com,Male,15.156.234.2
South Africa,Lorianne,Asser,lasser8q@ft.com,Female,51.218.78.33
France,Darrin,Capoun,dcapoun8r@hc360.com,Male,57.148.191.5
Nigeria,Washington,Crowche,wcrowche8s@chronoengine.com,Polygender,133.41.239.100
China,Meredithe,Seyfart,mseyfart8t@yellowpages.com,Female,210.66.177.63
Panama,Sheff,Hanselmann,shanselmann8u@blinklist.com,Male,
Peru,Chandra,Blackaby,cblackaby8v@slashdot.org,Female,121.30.226.182
Philippines,Diena,Hatrick,dhatrick8w@cargocollective.com,Female,47.232.217.130
United Kingdom,Wallis,Foldes,wfoldes8x@arstechnica.com,Female,161.244.128.60
United States,Shayne,Davidovits,sdavidovits8y@i2i.jp,Female,70.138.26.53
China,Arther,Douse,adouse8z@edublogs.org,Male,20.48.7.139
Tanzania,Archaimbaud,Gostick,agostick90@mapquest.com,Male,38.42.185.86
China,Radcliffe,Guite,rguite91@ucsd.edu,Male,139.254.14.113
Indonesia,Elonore,Morrish,emorrish92@wp.com,Female,155.11.8.229
Saint Lucia,Hattie,Tesauro,htesauro93@mail.ru,Female,99.245.15.156
Azerbaijan,Sascha,Adran,sadran94@freewebs.com,Female,197.238.117.150
Russia,Perren,Pickerin,ppickerin95@altervista.org,Male,243.220.47.77
Indonesia,Grethel,Galier,ggalier96@apache.org,Female,77.107.190.141
Albania,Bryn,Boden,bboden97@dyndns.org,Female,197.118.206.254
Indonesia,Nealon,Lutwidge,nlutwidge98@nps.gov,Male,244.122.178.197
Peru,Rea,Allsworth,rallsworth99@dailymail.co.uk,Female,255.60.31.50
Afghanistan,Alexa,Hartegan,ahartegan9a@rakuten.co.jp,Female,64.53.77.197
Russia,Aldous,Spira,aspira9b@myspace.com,Male,87.242.157.218
Indonesia,Blaire,Ramel,bramel9c@chron.com,Female,98.247.127.21
Russia,Gordie,Stave,gstave9d@java.com,Male,
France,Vanya,Lukesch,,Female,86.165.135.243
Honduras,Angelika,Limeburner,alimeburner9f@cnbc.com,Female,148.42.116.186
Egypt,Farr,Livesley,flivesley9g@webmd.com,Male,66.164.42.143
Greece,Brigg,Golbourn,bgolbourn9h@g.co,Male,
Indonesia,Brande,Durban,bdurban9i@oracle.com,Female,162.9.144.6
Nicaragua,Aileen,Drejer,adrejer9j@eepurl.com,Female,182.38.228.79
Kosovo,Dulcinea,Rising,drising9k@php.net,Female,149.179.49.251
Poland,Cloe,Peppin,cpeppin9l@sakura.ne.jp,Female,202.156.250.250
Pakistan,Alyse,Lunt,alunt9m@squarespace.com,Female,210.136.226.170
Portugal,Delphine,Kief,dkief9n@yellowpages.com,Female,95.104.219.149
Slovenia,Levon,Engall,,Polygender,255.242.127.59
Indonesia,Hanan,Baily,hbaily9p@guardian.co.uk,Male,66.233.37.234
Germany,Aveline,Padly,apadly9q@redcross.org,Female,232.197.125.255
Indonesia,Pauletta,Ace,pace9r@wordpress.com,Female,40.198.135.64
Honduras,Amelina,Scurrer,ascurrer9s@nyu.edu,Female,147.151.48.19
Philippines,Neala,Eskrigg,neskrigg9t@bbb.org,Female,127.224.53.157
Indonesia,Francklin,Scholes,fscholes9u@tinypic.com,Male,91.212.181.65
United States,Haze,Healks,hhealks9v@51.la,Male,93.57.128.123
Thailand,Elbertine,Pally,epally9w@opera.com,Female,86.192.110.52
New Zealand,Bail,Sango,bsango9x@illinois.edu,Male,
Indonesia,Norton,Gisbey,,Male,154.116.167.222
Peru,Deana,Eschalotte,deschalotte9z@chicagotribune.com,Female,154.196.62.55
Zimbabwe,Rafe,Mapes,rmapesa0@reddit.com,Male,66.11.62.196
United States,Christabella,Kembley,ckembleya1@amazon.co.jp,Genderfluid,
Philippines,Katine,Entwhistle,kentwhistlea2@archive.org,Female,171.14.31.38
Russia,Cathee,Gahan,cgahana3@mashable.com,Female,72.232.96.174
Brazil,Alina,Gosneye,agosneyea4@skype.com,Female,129.237.154.193
France,Mort,Sommerland,msommerlanda5@imgur.com,Male,163.152.226.170
Greece,Esme,Scrowson,escrowsona6@ucla.edu,Male,48.70.208.162
Macedonia,Rafferty,Moulsdall,rmoulsdalla7@last.fm,Male,39.227.2.149
China,Horst,Deuss,hdeussa8@earthlink.net,Male,120.56.223.66
Tunisia,George,Agate,,Male,54.253.4.84
Russia,Humfrid,Hayen,hhayenaa@omniture.com,Male,43.177.218.117
United States,Ruperta,Tookey,,Female,
Ukraine,Rachele,Fellgett,rfellgettac@odnoklassniki.ru,Female,249.53.253.79
Nepal,Bridgette,Dargavel,bdargavelad@people.com.cn,Female,220.76.56.215
Chad,Giacopo,Fraanchyonok,gfraanchyonokae@alexa.com,Male,
United States,Wilbert,Burgett,wburgettaf@huffingtonpost.com,Male,55.212.40.111
China,Anne-marie,Michelmore,amichelmoreag@blogger.com,Female,47.235.148.97
United States,Eustacia,Gillis,egillisah@squidoo.com,Female,118.53.135.7
Russia,Stormi,Vinall,svinallai@meetup.com,Female,32.27.119.42
Malta,Pearla,Grose,pgroseaj@prlog.org,Female,172.122.48.173
Ethiopia,Ottilie,Bourtoumieux,obourtoumieuxak@mapy.cz,Female,161.254.21.227
United States,Gianni,Crenshaw,gcrenshawal@engadget.com,Male,31.177.249.94
Russia,Jeffry,Plumb,jplumbam@arstechnica.com,Male,195.220.13.150
Germany,Penelope,Suttie,,Female,101.33.86.178
France,Margery,Vasyukov,mvasyukovao@xinhuanet.com,Genderqueer,36.242.253.98
China,Florella,Mauvin,fmauvinap@smugmug.com,Female,57.243.9.120
Argentina,Angy,Sagar,,Female,
France,Hayyim,Capenor,hcapenorar@timesonline.co.uk,Genderfluid,81.125.178.169
Poland,Lamar,Miliffe,lmiliffeas@pcworld.com,Non-binary,177.166.154.22
Ukraine,Lonnie,Jouhandeau,ljouhandeauat@usa.gov,Male,98.103.136.16
China,Devora,Prior,dpriorau@t.co,Female,125.141.25.188
Indonesia,Olvan,McCabe,omccabeav@eventbrite.com,Male,142.243.17.228
Indonesia,Weidar,Oslar,woslaraw@wisc.edu,Male,49.130.59.62
Sweden,Garret,Gillyett,ggillyettax@vistaprint.com,Male,52.2.101.159
China,Jayson,Dallinder,jdallinderay@tumblr.com,Male,159.166.22.154
Australia,Vincent,Ricketts,vrickettsaz@tripod.com,Male,253.94.62.245
Haiti,Frasquito,McLanachan,fmclanachanb0@narod.ru,Male,98.226.203.220
Portugal,Fern,Vern,fvernb1@comsenz.com,Female,68.119.186.175
Jamaica,Junia,Kreutzer,jkreutzerb2@delicious.com,Genderfluid,67.79.239.51
China,Hanni,Sirman,hsirmanb3@google.nl,Female,211.203.94.189
Canada,Nahum,Hehnke,nhehnkeb4@mlb.com,Male,77.65.139.214
Paraguay,Emerson,Biskup,ebiskupb5@simplemachines.org,Male,73.214.207.51
Nepal,Griff,Chinn,gchinnb6@icq.com,Male,103.229.60.161
Russia,Patricio,MacKibbon,pmackibbonb7@nationalgeographic.com,Male,104.123.127.156
Japan,Egor,Sirrell,esirrellb8@ft.com,Male,87.236.158.180
France,Christopher,Huie,chuieb9@hexun.com,Male,161.23.88.149
Syria,Carol-jean,Emberton,cembertonba@omniture.com,Female,138.83.192.203
Philippines,Sheela,Frangleton,sfrangletonbb@digg.com,Female,69.115.170.59
China,Merrick,Krishtopaittis,mkrishtopaittisbc@huffingtonpost.com,Male,52.254.239.246
Russia,Kenneth,Murfin,kmurfinbd@nbcnews.com,Male,
Philippines,Jehu,Breakey,jbreakeybe@sciencedaily.com,Male,177.120.7.225
Czech Republic,Shelden,Ogilby,sogilbybf@amazon.com,Male,234.89.20.64
Malta,Vachel,Forman,vformanbg@blog.com,Male,35.217.173.81
Venezuela,Valera,Easlea,veasleabh@indiegogo.com,Female,16.37.29.15
Japan,Avril,Kippins,akippinsbi@goo.gl,Polygender,230.86.167.71
Indonesia,Hewe,Monckton,hmoncktonbj@123-reg.co.uk,Male,241.110.6.12
Sweden,Conant,Zanini,czaninibk@biblegateway.com,Male,26.168.20.171
Greece,D'arcy,Robelet,drobeletbl@mail.ru,Male,228.141.202.87
Russia,Mair,Nerheny,mnerhenybm@desdev.cn,Female,2.169.2.216
China,Leupold,Danniell,ldanniellbn@hp.com,Male,88.110.203.245
Portugal,Devinne,Cuncliffe,dcuncliffebo@tamu.edu,Female,27.24.243.63
Thailand,Kinny,Debnam,kdebnambp@sciencedaily.com,Male,149.216.62.22
Philippines,Ripley,Manon,rmanonbq@oakley.com,Male,42.208.131.60
Colombia,Bria,Sarney,bsarneybr@nature.com,Female,138.234.83.160
China,Sisile,Standeven,sstandevenbs@gizmodo.com,Female,13.118.254.54
Argentina,Lars,Winders,lwindersbt@wikispaces.com,Male,133.246.222.22
Indonesia,Austin,Dolby,adolbybu@go.com,Female,159.95.215.78
China,Norbie,Schultz,nschultzbv@salon.com,Male,202.127.210.5
Netherlands,Lucian,Abelevitz,labelevitzbw@jigsy.com,Male,
Russia,Nita,Phair,nphairbx@wisc.edu,Genderqueer,48.24.223.23
France,Charlot,Maslin,cmaslinby@histats.com,Non-binary,82.57.3.187
Thailand,Price,Stoke,pstokebz@zdnet.com,Male,91.98.179.3
China,Kali,Cake,kcakec0@dailymail.co.uk,Female,36.65.118.253
Tanzania,Mariele,Brundall,mbrundallc1@cam.ac.uk,Female,156.140.107.28
China,Vick,Januszewicz,vjanuszewiczc2@china.com.cn,Male,213.34.138.67
China,Queenie,Childe,qchildec3@51.la,Agender,184.127.149.80
Macedonia,Lyle,Yeend,lyeendc4@taobao.com,Male,
Philippines,Consuelo,Dible,cdiblec5@simplemachines.org,Female,229.148.233.3
Iran,Lars,Dwyr,ldwyrc6@zdnet.com,Male,8.15.128.228
Peru,Charin,Wegener,cwegenerc7@stanford.edu,Female,121.190.178.147
Russia,Gare,Konke,gkonkec8@prlog.org,Male,92.32.15.17
China,Willis,Twelvetrees,wtwelvetreesc9@cbc.ca,Male,157.192.198.202
France,Xenos,Walder,xwalderca@cdc.gov,Male,92.127.205.74
Russia,Kip,Moulder,kmouldercb@chron.com,Female,
Portugal,Clementius,Berndsen,cberndsencc@bigcartel.com,Male,148.167.51.4
Croatia,Keslie,Dornin,kdornincd@washingtonpost.com,Female,31.111.204.4
Sweden,Cortie,Spavon,cspavonce@narod.ru,Male,73.214.157.11
Uganda,Darelle,Hector,dhectorcf@cam.ac.uk,Female,
Palau,Richy,Walsh,rwalshcg@nasa.gov,Male,116.227.155.239
Malawi,Falito,Widdicombe,fwiddicombech@google.com.au,Male,8.120.127.118
Colombia,Cassi,Trudgian,ctrudgianci@360.cn,Female,
China,Nonna,Tedridge,ntedridgecj@google.com.hk,Female,
China,Roxine,Garstang,rgarstangck@biblegateway.com,Female,26.187.123.129
Guatemala,Sandie,Saffrin,ssaffrincl@home.pl,Female,76.254.80.245
Madagascar,Lorene,La Padula,llapadulacm@marriott.com,Female,178.235.174.83
United States,Claudette,Ledford,cledfordcn@discovery.com,Female,41.54.207.107
Malaysia,Cleveland,Napoleon,cnapoleonco@icq.com,Genderfluid,49.104.137.55
Russia,Bobine,Ellis,belliscp@va.gov,Female,5.182.115.163
Madagascar,Free,Dassindale,fdassindalecq@geocities.com,Male,79.128.42.41
Russia,Duke,Versey,dverseycr@tinyurl.com,Male,253.169.111.116
China,Yorker,Billie,,Male,209.89.57.233
Philippines,Kylila,Hakonsson,khakonssonct@nba.com,Bigender,121.222.157.81
China,Romain,McFater,rmcfatercu@google.it,Male,103.163.132.204
China,Clemens,Querree,cquerreecv@acquirethisname.com,Male,238.131.115.64
Ukraine,Kaylee,Domoni,kdomonicw@senate.gov,Polygender,180.167.101.24
China,Sigismundo,Hubback,shubbackcx@slashdot.org,Non-binary,55.43.187.10
Poland,Dorene,Smidmoor,dsmidmoorcy@ftc.gov,Non-binary,235.198.104.190
Brazil,Kain,Smallman,ksmallmancz@house.gov,Male,252.148.170.28
Spain,Waiter,Feitosa,wfeitosad0@dyndns.org,Male,31.194.227.0
Philippines,Aldus,Swalteridge,aswalteridged1@webnode.com,Male,50.208.77.71
Indonesia,Doretta,Boome,dboomed2@disqus.com,Female,236.194.184.121
Argentina,Ricky,Givens,rgivensd3@tripadvisor.com,Male,251.202.156.216
Poland,Thayne,Pipes,tpipesd4@reuters.com,Male,20.207.172.252
Guatemala,Bob,Conway,bconwayd5@businessweek.com,Male,15.199.214.121
United States,Claus,Berling,cberlingd6@reuters.com,Male,253.98.213.43
Serbia,Alejandra,Munn,amunnd7@macromedia.com,Female,181.60.144.78
Tunisia,Simona,Jobbing,sjobbingd8@meetup.com,Female,130.110.249.189
Mexico,Corey,Cheson,cchesond9@pen.io,Male,61.81.50.160
Uganda,Micah,Craighall,mcraighallda@cdc.gov,Polygender,254.127.27.81
Republic of the Congo,Ula,Harniman,uharnimandb@newsvine.com,Female,166.186.242.173
Poland,Cynde,Scarfe,cscarfedc@shareasale.com,Female,108.59.177.52
Sweden,Jedd,Finlaison,jfinlaisondd@themeforest.net,Male,17.90.212.209
France,Trenton,Izakovitz,tizakovitzde@techcrunch.com,Male,254.179.55.211
Norway,Libbey,Peasby,lpeasbydf@nbcnews.com,Female,33.28.16.107
Philippines,Blinnie,Lexa,blexadg@blogs.com,Female,51.166.9.20
Brazil,Carney,Rosten,crostendh@devhub.com,Male,133.42.232.188
China,Gualterio,Sterry,gsterrydi@paginegialle.it,Male,169.152.178.108
South Africa,Anitra,Dyzart,adyzartdj@yandex.ru,Female,218.70.167.63
Portugal,Burnard,Edlin,bedlindk@webnode.com,Male,87.166.29.153
Japan,Jacqueline,Lennie,jlenniedl@cam.ac.uk,Female,83.65.48.224
Uruguay,Sonnie,Blatcher,sblatcherdm@army.mil,Male,86.171.186.120
Philippines,Annette,Jenkins,,Female,103.154.27.19
Russia,Ricard,Olrenshaw,rolrenshawdo@shareasale.com,Male,194.223.71.118
China,Alethea,MacArdle,amacardledp@ted.com,Female,166.37.18.60
United Kingdom,Carter,Keepin,ckeepindq@eepurl.com,Male,20.194.126.81
Ukraine,Camey,Conibear,cconibeardr@psu.edu,Male,4.192.134.21
Colombia,Elisha,Burghill,eburghillds@wsj.com,Male,16.104.165.180
Russia,Layton,Bellefant,lbellefantdt@army.mil,Male,134.107.184.18
Poland,Noell,Bum,nbumdu@imageshack.us,Female,82.114.147.238
Indonesia,Karl,Warhurst,kwarhurstdv@g.co,Male,119.45.183.19
China,Carolus,Benka,cbenkadw@feedburner.com,Male,199.48.57.175
Sweden,Latisha,Guilloneau,lguilloneaudx@ox.ac.uk,Female,130.41.57.48
Malaysia,Latashia,Imlacke,limlackedy@cocolog-nifty.com,Female,135.117.175.42
Cameroon,Simeon,Biddleston,sbiddlestondz@icq.com,Male,88.21.99.105
Mongolia,Craig,Mulbery,cmulberye0@fc2.com,Male,197.87.219.69
China,Alyda,Tooley,atooleye1@nih.gov,Female,30.164.105.74
Russia,Hughie,Raselles,hrasellese2@mysql.com,Male,155.252.14.7
Israel,Marty,Passe,mpassee3@printfriendly.com,Male,229.45.129.128
Philippines,Rossie,Ripping,rrippinge4@nationalgeographic.com,Male,145.184.129.113
Poland,Erick,Dibley,edibleye5@yale.edu,Genderqueer,152.29.178.173
Kazakhstan,Milena,Philps,mphilpse6@illinois.edu,Female,100.139.104.134
Poland,Hussein,Fife,hfifee7@mit.edu,Male,104.200.92.102
Philippines,Nevsa,Nelmes,nnelmese8@comsenz.com,Female,132.135.94.194
Sweden,Ikey,Tremollet,itremollete9@cmu.edu,Male,
China,Augustine,McCard,amccardea@diigo.com,Female,242.147.125.123
France,Kacey,Chaytor,kchaytoreb@i2i.jp,Female,39.66.190.228
China,Foster,Hainey`,fhaineyec@ed.gov,Male,245.70.52.30
France,Thadeus,De Laspee,tdelaspeeed@amazon.co.uk,Polygender,153.86.126.28
Indonesia,Meggie,Gallamore,mgallamoreee@tripod.com,Female,81.75.183.154
Philippines,Inna,Buscher,ibuscheref@qq.com,Female,98.115.179.119
China,Adham,Kilgrove,,Bigender,
Russia,Adrianne,Genike,agenikeeh@statcounter.com,Female,136.53.211.170
China,Kristine,Lewsam,klewsamei@umn.edu,Female,161.107.146.50
Russia,Jaime,Harbour,jharbourej@friendfeed.com,Male,98.243.54.152
Indonesia,Indira,Geroldo,igeroldoek@addtoany.com,Genderfluid,78.205.241.253
Nigeria,Reinaldos,Rawlin,rrawlinel@guardian.co.uk,Male,222.219.216.242
China,Nataniel,Costin,ncostinem@blogger.com,Male,207.93.175.95
Philippines,Reeta,Scholtis,rscholtisen@istockphoto.com,Genderqueer,117.158.120.107
Brazil,Candice,Sweeney,csweeneyeo@economist.com,Female,
Azerbaijan,Ham,Gocher,hgocherep@ftc.gov,Genderqueer,67.82.106.152
Portugal,Jorey,Astell,jastelleq@dmoz.org,Female,
Indonesia,Lamont,Crottagh,lcrottagher@rakuten.co.jp,Male,60.158.125.147
Malta,Jarrid,Plail,jplailes@is.gd,Male,123.70.132.125
South Korea,Amy,Fettis,afettiset@geocities.com,Female,135.247.120.175
Honduras,Gan,Brundill,gbrundilleu@dedecms.com,Male,117.179.167.4
Thailand,Georgy,Aizlewood,gaizlewoodev@domainmarket.com,Male,18.79.133.57
Philippines,Germaine,Kennham,gkennhamew@patch.com,Male,89.166.81.54
Tajikistan,Rock,Haighton,rhaightonex@blogtalkradio.com,Male,108.156.91.208
Canada,Kerk,Geake,kgeakeey@java.com,Male,
France,Elton,Wybourne,ewybourneez@jimdo.com,Bigender,103.253.176.72
Poland,Hubert,Lavrick,hlavrickf0@auda.org.au,Male,109.229.39.186
Honduras,Granny,Klees,gkleesf1@etsy.com,Male,233.153.113.208
Argentina,Francis,Burgum,fburgumf2@rakuten.co.jp,Male,109.101.144.113
France,Roxi,Bendix,rbendixf3@fema.gov,Female,45.164.184.210
Sri Lanka,Tally,Kunkel,tkunkelf4@aol.com,Male,174.47.183.236
Norway,Vilhelmina,Winwright,vwinwrightf5@google.fr,Female,211.110.54.195
China,Maurise,Kellick,mkellickf6@joomla.org,Male,5.57.4.32
Madagascar,Dillon,Breckin,dbreckinf7@wunderground.com,Male,42.31.51.236
United States,Ailina,Canto,acantof8@geocities.jp,Female,127.84.181.110
Russia,Taylor,Drayson,tdraysonf9@scientificamerican.com,Male,161.160.57.190
Kazakhstan,Lindsey,Lenchenko,llenchenkofa@admin.ch,Male,78.143.170.245
Russia,Skye,Tilliards,stilliardsfb@instagram.com,Male,36.80.113.244
Sweden,Aguie,Camillo,acamillofc@ca.gov,Male,137.58.225.178
China,Claybourne,Orman,cormanfd@list-manage.com,Male,
Russia,Cherianne,Elfitt,celfittfe@google.co.uk,Female,223.115.118.147
Macedonia,Arnuad,Cole,acoleff@github.io,Male,50.185.177.183
Indonesia,Elisha,Capstake,ecapstakefg@sakura.ne.jp,Male,145.55.131.166
China,Pembroke,Rossey,prosseyfh@google.es,Male,142.126.74.91
Indonesia,Mahala,Weatherall,mweatherallfi@i2i.jp,Female,204.29.140.20
Russia,Norene,Crunkhurn,ncrunkhurnfj@dell.com,Female,106.198.97.198
Sweden,Michelina,Eshmade,meshmadefk@webmd.com,Female,182.51.14.177
Chile,Franciskus,Dovydenas,,Male,1.63.191.124
Indonesia,Tatiania,Prichard,tprichardfm@nbcnews.com,Female,
Russia,Essa,McGaughey,emcgaugheyfn@sciencedirect.com,Female,45.221.225.108
Brazil,Davey,Geffen,dgeffenfo@toplist.cz,Male,242.115.104.150
Czech Republic,Gonzalo,Garnsworthy,ggarnsworthyfp@about.me,Male,18.35.224.43
Mongolia,Marcel,Etheredge,metheredgefq@google.pl,Male,207.241.104.170
Japan,Uriel,Wozencroft,uwozencroftfr@last.fm,Male,209.214.54.139
Indonesia,Stevena,McCarlich,smccarlichfs@accuweather.com,Bigender,166.218.214.231
Burkina Faso,Pablo,Bate,pbateft@spiegel.de,Male,
Indonesia,Paige,Durning,pdurningfu@addtoany.com,Female,132.194.179.160
China,Ferdinand,Ingles,finglesfv@themeforest.net,Male,196.43.239.27
Mali,Collin,Vautrey,cvautreyfw@statcounter.com,Male,151.190.211.89
Chile,Ximenes,Maypother,xmaypotherfx@dell.com,Male,154.172.80.83
China,Julia,Laffranconi,jlaffranconify@sciencedirect.com,Female,11.23.9.24
Vietnam,Nancy,Garnul,ngarnulfz@amazon.co.jp,Female,123.210.214.16
Russia,Franklyn,Kirkam,fkirkamg0@howstuffworks.com,Male,171.3.222.43
Indonesia,Davin,Robeson,drobesong1@nationalgeographic.com,Male,137.66.168.244
Saudi Arabia,Joycelin,MacRirie,jmacririeg2@google.es,Female,80.145.235.93
Spain,Carlie,Joincey,cjoinceyg3@hugedomains.com,Female,0.92.242.0
China,Yoshi,Rodliff,yrodliffg4@uol.com.br,Female,43.72.143.208
France,Corney,Vallery,cvalleryg5@marriott.com,Agender,231.36.172.10
Belarus,Jourdain,Tretter,jtretterg6@surveymonkey.com,Male,
Somalia,Carlita,Bartod,cbartodg7@cdbaby.com,Female,243.164.135.230
Vietnam,Jodie,Sidebotton,jsidebottong8@163.com,Male,118.115.239.165
Portugal,Kahlil,Meys,kmeysg9@senate.gov,Male,21.81.119.186
Portugal,Carma,Eckersall,,Female,253.20.139.131
Indonesia,Osborne,Drinnan,odrinnangb@fc2.com,Genderqueer,161.145.202.97
South Africa,Skelly,Leese,sleesegc@nhs.uk,Male,183.194.136.168
Portugal,Beck,Wroe,bwroegd@youtu.be,Genderqueer,101.150.185.24
Cuba,Sammie,Hackney,shackneyge@geocities.jp,Male,66.1.121.42
Kazakhstan,Lyle,Boarder,lboardergf@hubpages.com,Male,210.2.129.252
Palestinian Territory,Woodie,Cossentine,wcossentinegg@google.fr,Male,238.217.41.154
Brazil,Ronni,Farnham,rfarnhamgh@wikia.com,Female,84.205.249.149
Kenya,Layla,Quarles,lquarlesgi@ameblo.jp,Female,
France,Ida,Fantonetti,ifantonettigj@networksolutions.com,Female,57.97.74.13
Pakistan,Shepherd,Harbach,sharbachgk@weather.com,Male,23.59.74.100
China,Tamar,Sanchiz,tsanchizgl@yahoo.co.jp,Female,150.167.44.85
Philippines,Mehetabel,Grimmert,mgrimmertgm@tinyurl.com,Female,39.184.103.224
Niger,Melvin,Legge,mleggegn@sourceforge.net,Male,37.158.58.98
Tunisia,Gavra,Mazella,gmazellago@clickbank.net,Female,158.153.232.5
Italy,Avram,Maymond,amaymondgp@quantcast.com,Male,243.168.187.70
Uzbekistan,Tarra,Callendar,tcallendargq@google.com.br,Female,143.234.41.187
Kuwait,Jdavie,Stoakes,jstoakesgr@networksolutions.com,Male,148.30.15.38
South Korea,Bucky,Cheltnam,bcheltnamgs@eventbrite.com,Polygender,223.252.173.19
Czech Republic,Kevon,MacKibbon,kmackibbongt@umich.edu,Male,138.177.71.10
China,Augustina,Itzkovwich,aitzkovwichgu@foxnews.com,Female,
Mexico,Jehanna,Matthessen,jmatthessengv@gov.uk,Female,148.225.118.177
Peru,Winfred,Noulton,wnoultongw@google.nl,Male,104.211.204.179
China,Mickey,Pedican,mpedicangx@php.net,Male,169.12.193.254
Sweden,Robers,Potapczuk,rpotapczukgy@chron.com,Male,128.238.232.6
Indonesia,Annabal,Heales,ahealesgz@elpais.com,Female,139.187.219.40
Colombia,Alikee,Goodsall,,Female,70.238.110.116
Philippines,Doria,Ledwitch,dledwitchh1@weibo.com,Female,172.11.103.225
Honduras,Hannie,Hartlebury,hhartleburyh2@is.gd,Female,236.211.38.80
Portugal,Janela,Testin,jtestinh3@addtoany.com,Female,193.166.179.20
China,Shell,Pales,spalesh4@youku.com,Female,36.56.56.159
Indonesia,Edie,O'Corrin,eocorrinh5@miibeian.gov.cn,Female,104.114.203.176
Mauritius,Keelby,Rowsell,krowsellh6@infoseek.co.jp,Male,198.177.231.228
Philippines,Thorvald,Ruffell,truffellh7@constantcontact.com,Male,160.3.21.7
Mexico,Ester,Soppit,esoppith8@yellowbook.com,Female,80.61.90.4
Ukraine,Wat,Bootton,wboottonh9@timesonline.co.uk,Male,224.144.90.151
Ireland,Teri,Sergean,tsergeanha@meetup.com,Female,208.63.194.186
Guatemala,Whittaker,Sangwin,,Male,220.15.174.87
Greece,Minnie,Simukov,msimukovhc@stumbleupon.com,Genderfluid,
El Salvador,Leela,Larter,llarterhd@pinterest.com,Female,203.170.162.7
Russia,Pietra,Wilstead,pwilsteadhe@freewebs.com,Female,222.196.200.199
Indonesia,Colet,Rillatt,,Male,156.44.234.117
Palestinian Territory,Marys,McLean,mmcleanhg@google.es,Female,19.26.201.55
Guatemala,Aguste,Lacer,alacerhh@mapy.cz,Male,222.86.8.15
France,Stafford,Simonazzi,ssimonazzihi@myspace.com,Male,240.10.115.14
Belarus,Husain,Vannoort,hvannoorthj@youtu.be,Male,141.162.73.8
Portugal,Tiphanie,Powys,tpowyshk@amazon.de,Female,211.24.243.204
Portugal,Jessy,Henri,jhenrihl@digg.com,Female,237.226.70.186
Philippines,Fiann,Krop,fkrophm@exblog.jp,Female,83.147.18.233
China,Doll,Clemente,dclementehn@eepurl.com,Female,154.226.19.155
Colombia,Wyatt,Sharphurst,wsharphurstho@ted.com,Genderfluid,108.107.119.156
Indonesia,Petunia,Juschka,pjuschkahp@1688.com,Female,249.145.143.139
Peru,Thaddus,Hirsch,thirschhq@hexun.com,Male,182.186.146.187
China,Sissie,Labusch,slabuschhr@kickstarter.com,Female,244.131.220.104
France,Rozelle,Antic,rantichs@phpbb.com,Female,97.23.111.216
Malaysia,Nobe,Leroux,nlerouxht@infoseek.co.jp,Agender,210.60.24.145
Russia,Allsun,Monument,amonumenthu@indiatimes.com,Genderfluid,233.131.137.238
Philippines,Rikki,Levensky,rlevenskyhv@marketwatch.com,Female,62.247.51.187
China,Bennie,Feake,bfeakehw@sakura.ne.jp,Male,127.1.248.244
Cayman Islands,Dickie,Leversha,dlevershahx@vinaora.com,Male,74.37.194.41
United States,Joelly,Else,jelsehy@cam.ac.uk,Female,27.143.176.103
Indonesia,Arty,Stephens,astephenshz@freewebs.com,Male,180.68.26.50
Sudan,Borden,Cassley,bcassleyi0@dyndns.org,Male,49.29.181.92
Indonesia,Leoine,Spoerl,lspoerli1@youtu.be,Female,114.24.164.34
Ukraine,Gordon,Van Vuuren,gvanvuureni2@domainmarket.com,Male,31.230.125.10
Czech Republic,Daloris,Peracco,dperaccoi3@mysql.com,Female,3.19.197.226
Sweden,Nina,Yanyushkin,nyanyushkini4@discuz.net,Female,58.209.226.246
Mexico,Rosemonde,Tejada,rtejadai5@wsj.com,Female,32.97.242.140
Canada,Jennifer,Brimley,jbrimleyi6@dyndns.org,Female,220.227.232.93
United States,Nelle,Adair,nadairi7@europa.eu,Female,56.86.77.80
Indonesia,Felecia,Acom,facomi8@gnu.org,Female,19.56.185.201
Indonesia,Isobel,McKevin,imckevini9@independent.co.uk,Female,83.187.203.230
China,Agosto,Bebb,abebbia@domainmarket.com,Male,97.149.23.42
China,Garnet,Eliaz,geliazib@shutterfly.com,Female,123.169.159.200
France,Felicity,Hanscom,fhanscomic@cpanel.net,Female,141.128.18.1
Croatia,Jemimah,O'Hear,johearid@cbsnews.com,Female,37.106.120.249
Indonesia,Jozef,Steger,jstegerie@jimdo.com,Male,11.199.118.214
Colombia,Ely,Tunstall,etunstallif@wufoo.com,Male,208.46.122.224
China,Culley,Fussell,cfussellig@merriam-webster.com,Male,254.209.84.178
China,Gerick,Mazdon,gmazdonih@latimes.com,Non-binary,200.208.78.134
Indonesia,Gayelord,Docksey,gdockseyii@yale.edu,Male,121.47.65.150
Cuba,Nellie,Bon,nbonij@barnesandnoble.com,Female,74.189.130.46
Philippines,Eolande,Pechan,epechanik@facebook.com,Female,127.45.103.147
Indonesia,Darcy,Wayvill,dwayvillil@google.nl,Male,249.208.10.132
Jamaica,Heda,Meadows,hmeadowsim@economist.com,Female,247.181.108.40
Indonesia,Gale,Ruggen,gruggenin@wikispaces.com,Female,219.153.156.20
Japan,Clo,McGinney,cmcginneyio@nsw.gov.au,Genderfluid,13.33.45.144
Iran,Archer,Been,abeenip@timesonline.co.uk,Male,113.139.197.101
China,Dew,MacArd,dmacardiq@dmoz.org,Male,107.202.96.46
Brazil,Koral,Nuzzetti,knuzzettiir@macromedia.com,Genderfluid,47.214.15.254
Indonesia,Sally,Given,sgivenis@deliciousdays.com,Female,240.47.245.46
Ukraine,Gertrudis,Dwane,gdwaneit@slate.com,Female,
Poland,Fay,Grumell,fgrumelliu@jalbum.net,Female,117.75.96.151
Greece,Chrysa,Dukes,cdukesiv@hubpages.com,Female,194.3.124.136
Portugal,Ines,Grundwater,igrundwateriw@slideshare.net,Female,208.74.128.237
Egypt,Reinold,MacPake,rmacpakeix@ifeng.com,Male,73.245.159.27
China,Bertram,Phillip,bphillipiy@independent.co.uk,Male,244.241.235.112
China,Terza,Broun,tbrouniz@wired.com,Female,117.173.53.222
Indonesia,Shanan,Banaszczyk,sbanaszczykj0@ebay.com,Male,15.23.207.119
Argentina,Margie,Chittenden,mchittendenj1@hatena.ne.jp,Female,
Mexico,Anabal,Hardacre,ahardacrej2@vkontakte.ru,Female,99.20.182.10
Philippines,Wren,Blaxill,wblaxillj3@time.com,Female,92.13.204.89
Philippines,Isa,Crowley,icrowleyj4@economist.com,Male,217.106.101.204
Peru,Carlin,Gierth,cgierthj5@rambler.ru,Female,218.87.165.64
Brazil,Merrile,McMeyler,mmcmeylerj6@google.ca,Female,237.106.62.131
China,Sile,De Castri,sdecastrij7@yale.edu,Female,118.126.11.165
United States,Paule,Coppen,pcoppenj8@furl.net,Female,236.148.250.138
Colombia,Edin,Kretchmer,ekretchmerj9@xing.com,Female,107.149.151.227
Ireland,Cosme,Gregson,cgregsonja@1688.com,Male,101.64.191.89
Philippines,Pablo,Saylor,psaylorjb@ucoz.ru,Male,11.163.12.104
Indonesia,Walton,Pourveer,wpourveerjc@nbcnews.com,Male,185.238.224.16
France,Brock,Rosendall,brosendalljd@altervista.org,Male,4.224.0.126
Brazil,Gayel,Guildford,gguildfordje@mail.ru,Non-binary,10.246.132.212
China,Guido,Gotcliff,ggotcliffjf@lulu.com,Male,129.129.236.12
Iran,Brita,Eseler,beselerjg@blog.com,Female,148.49.239.253
United States,Patience,Sarre,psarrejh@list-manage.com,Female,205.68.104.114
Sweden,Monica,Canty,mcantyji@macromedia.com,Female,165.39.200.96
Czech Republic,Eugine,Ugoni,eugonijj@miibeian.gov.cn,Female,177.119.80.167
Russia,Leona,Orman,lormanjk@jigsy.com,Female,5.187.150.155
Croatia,Kyla,Stainsby,kstainsbyjl@fda.gov,Female,15.190.18.5
Philippines,Lura,Vanderplas,lvanderplasjm@is.gd,Female,97.143.4.91
China,Salaidh,Katz,skatzjn@merriam-webster.com,Genderqueer,66.32.23.240
China,Fax,McAlinden,fmcalindenjo@desdev.cn,Male,125.46.237.21
Brazil,Boy,Base,bbasejp@blog.com,Male,52.128.26.196
France,Loralyn,Jeffels,ljeffelsjq@seesaa.net,Female,171.200.183.170
Philippines,Pinchas,Biers,pbiersjr@fastcompany.com,Non-binary,
Russia,Jose,Abbess,jabbessjs@sakura.ne.jp,Male,253.250.103.147
Bulgaria,Horatio,Shmyr,hshmyrjt@mapquest.com,Male,96.36.175.13
Indonesia,Jarrid,Geertje,jgeertjeju@com.com,Male,249.30.91.6
China,Mimi,Tancock,mtancockjv@un.org,Female,46.190.98.127
Israel,Marna,Center,mcenterjw@github.com,Female,148.48.15.105
Colombia,Bunnie,Matushenko,bmatushenkojx@clickbank.net,Female,239.60.248.222
Burkina Faso,Krystle,Haile,khailejy@house.gov,Female,105.209.91.234
Honduras,Karmen,Towell,ktowelljz@is.gd,Polygender,136.69.187.118
China,Domini,Heyburn,dheyburnk0@comsenz.com,Genderqueer,83.166.124.105
Indonesia,Kelley,Nucci,knuccik1@cbc.ca,Male,152.66.243.147
Indonesia,Domenico,Kitchen,dkitchenk2@cdc.gov,Male,154.63.94.246
China,Pattie,Tschiersch,ptschierschk3@google.ca,Male,21.84.129.26
Afghanistan,Hamish,Hurst,hhurstk4@liveinternet.ru,Male,190.89.154.173
Philippines,Devon,Colomb,dcolombk5@4shared.com,Female,135.116.49.207
Portugal,Celina,Maxwell,cmaxwellk6@blogs.com,Genderqueer,120.164.123.72
Belarus,Ulrich,Mableson,umablesonk7@wunderground.com,Male,148.224.122.9
Peru,Valencia,Eddow,veddowk8@nhs.uk,Female,228.145.242.98
France,Kelley,Bezzant,kbezzantk9@yolasite.com,Male,25.26.170.144
China,Clementina,Biffin,cbiffinka@naver.com,Female,216.22.32.143
Russia,Murray,McGarvey,,Male,136.222.148.239
Japan,Miriam,Lumsdon,mlumsdonkc@weibo.com,Female,222.147.198.18
Indonesia,Georgeanne,Rudman,grudmankd@soundcloud.com,Female,
Indonesia,Louisa,Slograve,lslograveke@washington.edu,Female,7.249.173.15
China,Elyse,Persian,epersiankf@dell.com,Female,226.181.221.47
Russia,Allin,Blencowe,ablencowekg@sphinn.com,Male,215.208.58.224
Colombia,Isabel,Secker,iseckerkh@storify.com,Female,46.83.88.55
Indonesia,Kaylil,Gerrey,kgerreyki@surveymonkey.com,Female,69.7.48.153
Faroe Islands,Esme,Myrie,emyriekj@plala.or.jp,Female,37.229.95.132
Slovenia,Antin,Loosemore,aloosemorekk@amazon.de,Male,108.198.109.219
Bulgaria,Tremaine,Cariss,tcarisskl@theguardian.com,Male,159.97.146.194
United States,Lila,Dagnan,ldagnankm@addtoany.com,Female,229.32.162.172
New Zealand,Madelina,Tute,mtutekn@123-reg.co.uk,Female,3.96.3.9
Australia,Jethro,Ransome,jransomeko@icio.us,Male,7.238.146.20
Thailand,Romola,Blasgen,rblasgenkp@army.mil,Female,242.0.79.179
Russia,Adella,Kennett,akennettkq@jalbum.net,Female,
Czech Republic,Idalia,Hibling,ihiblingkr@hugedomains.com,Female,231.192.206.228
Japan,Shurlocke,Porrett,sporrettks@nbcnews.com,Male,45.207.186.45
Portugal,Ilka,de Amaya,ideamayakt@toplist.cz,Female,68.204.142.44
China,Emogene,Franklyn,efranklynku@ebay.co.uk,Female,103.173.102.3
Russia,Krystle,Massinger,kmassingerkv@house.gov,Agender,225.217.119.47
China,Leilah,Stuer,lstuerkw@thetimes.co.uk,Female,92.110.69.30
Armenia,Shina,Najera,snajerakx@booking.com,Female,133.169.1.127
China,Carol,Stockall,cstockallky@sourceforge.net,Female,1.250.153.34
Azerbaijan,Marshal,Noad,mnoadkz@phpbb.com,Male,224.255.59.43
Vietnam,Johnette,Trayhorn,jtrayhornl0@nasa.gov,Female,12.212.60.81
United States,Tiffani,Delatour,tdelatourl1@pcworld.com,Female,245.149.96.130
China,Elicia,Vergine,everginel2@mapy.cz,Female,131.7.105.151
Portugal,Arch,Mcsarry,amcsarryl3@pcworld.com,Male,149.175.51.255
South Korea,Abbe,Swaine,aswainel4@barnesandnoble.com,Agender,51.69.217.40
Chad,Rosemarie,MacManus,rmacmanusl5@youtube.com,Female,22.152.168.47
Indonesia,Calli,Jell,cjelll6@photobucket.com,Female,15.70.71.91
Uganda,Myrtice,Cristol,mcristoll7@google.cn,Female,171.211.155.214
Poland,Frederique,Gotecliffe,fgotecliffel8@sciencedirect.com,Female,193.149.137.233
Venezuela,Josephine,Sivyour,jsivyourl9@yolasite.com,Female,
Reunion,Romona,Bedham,rbedhamla@geocities.jp,Female,101.3.152.230
Poland,Jania,Swinn,jswinnlb@parallels.com,Female,213.223.27.122
Thailand,Jennica,Stonier,jstonierlc@usa.gov,Female,188.45.124.46
Ukraine,Darcy,Agerskow,dagerskowld@merriam-webster.com,Male,116.228.10.114
Brazil,Gertruda,Diggens,gdiggensle@blogs.com,Female,214.127.170.28
Czech Republic,Myrlene,McComb,mmccomblf@yandex.ru,Female,155.14.63.53
Greece,Romonda,Sowter,rsowterlg@techcrunch.com,Female,
Japan,Myron,Tandy,mtandylh@tripod.com,Male,28.170.198.89
Nauru,Laurice,Linggood,llinggoodli@nih.gov,Female,216.190.19.51
Thailand,Sayers,Yurocjkin,syurocjkinlj@etsy.com,Genderqueer,131.49.212.101
Portugal,Luelle,Pile,lpilelk@youku.com,Female,123.164.161.245
France,Crystal,Towe,ctowell@studiopress.com,Female,211.246.114.107
Serbia,Roman,Ryott,rryottlm@gizmodo.com,Male,163.7.71.97
Yemen,Barnebas,Blamire,bblamireln@dailymotion.com,Male,135.14.187.163
Russia,Giordano,Lanning,glanninglo@clickbank.net,Male,240.44.162.183
Sweden,Harmon,Nother,hnotherlp@wiley.com,Male,225.169.27.221
Philippines,Husain,Grennan,hgrennanlq@nba.com,Male,
Brazil,Fionna,Zammett,fzammettlr@posterous.com,Female,35.210.164.219
China,Tann,Charity,tcharityls@hp.com,Male,8.250.212.50
China,Far,Jakoub,fjakoublt@google.pl,Male,179.156.250.51
Indonesia,Xerxes,Knutton,xknuttonlu@google.co.jp,Male,19.203.218.122
Sweden,Giustino,Mannock,gmannocklv@drupal.org,Male,16.233.1.111
Portugal,Nickolas,Doumic,ndoumiclw@nydailynews.com,Male,161.189.175.254
China,Anita,Railton,arailtonlx@ameblo.jp,Genderfluid,236.206.7.24
Thailand,Evelin,McKomb,emckombly@sphinn.com,Male,1.32.60.238
United States,Feodor,Skirvin,fskirvinlz@paginegialle.it,Male,137.76.250.18
Indonesia,Joshua,Lapre,jlaprem0@rambler.ru,Male,141.91.122.164
China,Weber,Pavlik,wpavlikm1@google.com.hk,Male,197.190.63.232
Russia,Leelah,Hammerson,lhammersonm2@sogou.com,Female,107.248.48.9
Peru,Jarrid,Smitten,jsmittenm3@si.edu,Male,238.11.67.70
Poland,Ive,Maywood,imaywoodm4@berkeley.edu,Non-binary,196.164.143.110
Czech Republic,Benjie,Dufall,bdufallm5@buzzfeed.com,Male,0.131.88.104
Philippines,Alene,Punt,apuntm6@psu.edu,Female,
Japan,Gasparo,Blogg,gbloggm7@mapy.cz,Male,59.245.104.210
Russia,Dallas,Arrow,darrowm8@pinterest.com,Male,251.39.109.98
Czech Republic,Gretta,Chalfain,gchalfainm9@ow.ly,Female,177.193.137.45
Argentina,Adelbert,Nowland,anowlandma@cbsnews.com,Male,130.63.164.178
Indonesia,Glenn,Winsom,gwinsommb@oakley.com,Male,132.101.236.74
Brazil,Rory,Romao,rromaomc@tamu.edu,Female,47.215.210.212
Japan,Lenette,Keld,lkeldmd@ustream.tv,Female,201.185.200.153
Philippines,Panchito,Sidon,psidonme@nih.gov,Male,35.74.40.0
Uzbekistan,Mercy,Anan,mananmf@a8.net,Female,56.94.245.52
Sweden,Tedie,Snasel,tsnaselmg@sun.com,Male,179.82.248.4
Russia,Courtnay,Markson,cmarksonmh@mail.ru,Genderqueer,197.237.122.140
Guatemala,Rolph,Scarisbrick,rscarisbrickmi@google.es,Male,97.239.196.79
Russia,Lukas,Clouston,lcloustonmj@cnet.com,Male,204.143.207.0
Mongolia,Emelita,Engeham,eengehammk@skype.com,Female,
China,Bryanty,Pideon,bpideonml@rediff.com,Male,25.215.233.93
China,Morey,Wolland,mwollandmm@xing.com,Male,254.191.106.218
China,Jaymie,Wingham,jwinghammn@economist.com,Male,129.44.79.30
Poland,Dmitri,Maidstone,dmaidstonemo@latimes.com,Male,173.211.62.205
Canada,Base,McCurley,bmccurleymp@berkeley.edu,Male,71.179.152.68
Indonesia,Heida,Eslemont,heslemontmq@myspace.com,Female,206.232.38.99
Japan,Regine,Luxon,rluxonmr@seesaa.net,Female,185.31.222.141
Russia,Eleni,Cote,ecotems@chronoengine.com,Female,243.56.123.219
Azerbaijan,Agathe,Heaney,aheaneymt@last.fm,Female,84.181.125.16
China,Rodie,Nazer,rnazermu@google.com.hk,Female,168.0.211.54
Sweden,Codie,Boullin,cboullinmv@pbs.org,Female,149.186.213.201
China,Sidonia,Haggard,shaggardmw@eepurl.com,Female,139.70.175.247
Poland,Gard,Mattersey,gmatterseymx@scientificamerican.com,Male,27.112.28.68
China,Ellene,Eley,eeleymy@behance.net,Female,
Slovenia,Huberto,Wedon,hwedonmz@flickr.com,Male,224.214.114.12
China,Jon,Meagh,jmeaghn0@discovery.com,Male,103.178.161.29
France,Daniele,Brodhead,dbrodheadn1@360.cn,Female,208.75.233.158
France,Ruthe,Lurner,rlurnern2@phoca.cz,Female,52.181.93.86
Democratic Republic of the Congo,August,Icom,aicomn3@ebay.co.uk,Male,253.203.72.4
Croatia,Harley,Howman,hhowmann4@purevolume.com,Male,248.224.138.170
Philippines,Jeremiah,Haine,jhainen5@reference.com,Male,98.155.140.20
Sweden,Andeee,Crass,acrassn6@omniture.com,Polygender,118.184.115.217
China,Renee,Brinson,rbrinsonn7@ustream.tv,Female,70.200.90.0
Haiti,Willie,Ferrotti,wferrottin8@nymag.com,Female,232.217.69.141
Indonesia,Nahum,Farbrother,nfarbrothern9@java.com,Male,216.234.179.16
Argentina,Rich,Alliot,ralliotna@angelfire.com,Male,55.31.153.236
Israel,Edsel,MacDowall,emacdowallnb@google.it,Male,117.7.158.14
Russia,Cyrus,Blodgett,cblodgettnc@nyu.edu,Male,244.142.142.27
Tunisia,Karoly,Michelotti,kmichelottind@ning.com,Male,135.1.79.153
Tanzania,Archibaldo,Kinforth,akinforthne@i2i.jp,Male,116.111.71.255
Russia,Noella,Oganian,,Female,119.190.28.145
Colombia,Frannie,Flucker,ffluckerng@imgur.com,Male,0.209.71.121
Russia,Marcia,Worral,mworralnh@acquirethisname.com,Polygender,8.165.188.219
Costa Rica,Rodney,Casarini,rcasarinini@opera.com,Male,144.127.109.24
Philippines,Thorndike,Rounce,,Male,251.150.217.142
China,Gratiana,Huddlestone,ghuddlestonenk@umich.edu,Female,92.68.137.212
Colombia,Stu,Chettle,schettlenl@last.fm,Male,47.64.218.194
Argentina,Dewey,Petrescu,dpetrescunm@nydailynews.com,Male,229.201.58.187
China,Cally,Brecknell,cbrecknellnn@hhs.gov,Female,161.21.12.73
Uzbekistan,Perice,Whates,pwhatesno@sun.com,Male,217.54.100.246
Armenia,Dalia,Grimsdell,dgrimsdellnp@symantec.com,Female,39.250.19.5
Brazil,Adelaida,Sweedy,asweedynq@i2i.jp,Female,123.163.33.42
United Kingdom,Anatollo,Southers,asouthersnr@over-blog.com,Male,91.105.98.10
Indonesia,Babita,Catcherside,bcatchersidens@engadget.com,Female,54.169.40.189
Brazil,Lydon,Baud,lbaudnt@theatlantic.com,Male,14.10.233.110
Peru,Stormi,Leckey,sleckeynu@hugedomains.com,Female,196.11.255.6
China,Staci,Froment,sfromentnv@facebook.com,Female,178.59.125.72
Armenia,Tammara,Abrahm,tabrahmnw@buzzfeed.com,Agender,67.180.129.158
Indonesia,Milli,Dimitriou,mdimitriounx@moonfruit.com,Female,153.57.54.35
Colombia,Sterne,Horburgh,shorburghny@google.com.br,Male,15.235.17.251
Japan,Jonathon,Balme,,Male,123.67.136.33
Venezuela,Rene,Gladstone,rgladstoneo0@liveinternet.ru,Female,240.161.96.133
Mongolia,Lynn,Guppy,lguppyo1@jiathis.com,Female,174.16.150.192
Czech Republic,Delano,Stodit,dstodito2@gravatar.com,Male,
Philippines,Tess,Pratty,tprattyo3@paypal.com,Female,41.83.138.121
Japan,Brew,Fidelli,bfidellio4@t-online.de,Male,221.229.81.130
United States,Ruby,Huddy,rhuddyo5@vk.com,Male,172.31.9.14
Japan,Melitta,Laugherane,mlaugheraneo6@howstuffworks.com,Female,140.91.239.6
Philippines,Tiffany,Sukbhans,tsukbhanso7@google.co.jp,Female,39.7.56.55
Indonesia,Tiebold,Guitton,tguittono8@t-online.de,Male,64.85.18.105
Poland,Luci,Clash,lclasho9@wisc.edu,Female,225.57.46.152
Peru,Aubert,Cawthorn,acawthornoa@weibo.com,Male,199.32.176.12
Thailand,Robinetta,Dillon,rdillonob@intel.com,Female,161.149.112.217
Armenia,Cosette,Bleakman,cbleakmanoc@huffingtonpost.com,Female,22.14.103.194
Mexico,Zena,Bellefant,zbellefantod@xrea.com,Female,160.158.108.220
Armenia,Riane,Vogt,,Female,57.38.185.49
China,Karalee,Leal,klealof@simplemachines.org,Bigender,174.209.158.46
China,Miof mela,Fippe,mfippeog@vistaprint.com,Female,71.213.110.27
Uganda,Royal,Teulier,rteulieroh@studiopress.com,Male,117.240.229.155
Portugal,Gibbie,Skullet,gskulletoi@freewebs.com,Male,208.53.118.190
China,Shaine,Shephard,sshephardoj@hugedomains.com,Female,37.89.103.96
Kazakhstan,Bradney,Gleave,bgleaveok@imgur.com,Male,171.239.83.23
Iran,Antone,Dilnot,adilnotol@t.co,Male,103.25.126.242
China,Hastings,Wallenger,hwallengerom@exblog.jp,Male,145.112.56.53
Portugal,Lovell,Bruckstein,lbrucksteinon@google.nl,Male,231.4.185.10
Indonesia,Quinta,Jeness,qjenessoo@noaa.gov,Female,212.12.23.38
Peru,Cesaro,Piborn,cpibornop@geocities.com,Genderqueer,40.22.93.198
Sweden,Kelsy,Sogg,ksoggoq@mayoclinic.com,Female,190.15.40.178
Indonesia,Tracy,Walters,twaltersor@wikispaces.com,Female,109.192.156.39
Russia,Carry,O' Clovan,coclovanos@google.com.au,Female,192.111.112.98
Russia,Benedick,Cainey,bcaineyot@homestead.com,Male,134.132.214.211
Serbia,Orazio,Roskilly,oroskillyou@wikipedia.org,Male,
Mexico,Yoshi,Powton,ypowtonov@w3.org,Female,195.231.188.94
Croatia,Rene,Cockill,rcockillow@dell.com,Male,181.24.234.209
Honduras,Kevin,Ramsey,kramseyox@yahoo.co.jp,Male,176.84.46.79
Ukraine,Barnaby,Hayter,bhayteroy@dion.ne.jp,Male,69.192.159.130
Zambia,Mady,Thornally,mthornallyoz@amazon.com,Female,254.100.11.65
Sweden,Berke,Estcot,bestcotp0@mayoclinic.com,Male,34.175.23.52
China,Mortimer,Bethell,mbethellp1@fotki.com,Male,29.235.210.53
France,Prudence,Burgis,pburgisp2@washingtonpost.com,Female,204.128.90.80
Peru,Ginelle,Steere,gsteerep3@nyu.edu,Female,26.43.93.104
China,Jennilee,Darby,jdarbyp4@mlb.com,Female,217.90.103.184
Indonesia,Cristiano,Menel,cmenelp5@state.gov,Male,186.214.150.215
Philippines,Arnaldo,Mableson,amablesonp6@sitemeter.com,Male,
North Korea,Yetty,Domerq,ydomerqp7@nationalgeographic.com,Female,212.168.174.7
Russia,Hadrian,Croci,hcrocip8@printfriendly.com,Male,177.67.24.220
United States,Waylan,Blackleech,wblackleechp9@parallels.com,Male,188.201.74.117
China,Leonardo,Hardan,lhardanpa@google.it,Male,218.8.11.80
Indonesia,Darcy,Gorden,dgordenpb@cdbaby.com,Female,125.83.225.171
Colombia,Thedric,Denton,tdentonpc@sbwire.com,Male,242.174.151.102
Brazil,Giuditta,McCobb,gmccobbpd@google.fr,Female,249.131.141.29
Ukraine,Stormie,Dies,sdiespe@merriam-webster.com,Female,250.194.230.254
China,Roobbie,Bygate,rbygatepf@elpais.com,Female,88.105.12.217
Indonesia,Randal,Kreuzer,rkreuzerpg@geocities.jp,Male,218.80.109.124
Uzbekistan,Conroy,McBlain,cmcblainph@clickbank.net,Male,0.120.214.176
Sweden,Jeanna,Mangham,jmanghampi@macromedia.com,Female,48.210.98.174
Brazil,Mona,Vallentin,mvallentinpj@mlb.com,Female,
Canada,Cybill,Hawksley,chawksleypk@trellian.com,Female,
Indonesia,Hanan,Eastam,heastampl@mtv.com,Male,211.183.162.71
Slovenia,Montague,Northing,mnorthingpm@walmart.com,Male,25.212.145.4
China,Ingamar,Cahey,icaheypn@constantcontact.com,Male,123.91.218.217
Poland,Hamlin,Piechnik,hpiechnikpo@domainmarket.com,Male,
United States,Coretta,Kits,ckitspp@sun.com,Female,202.96.172.142
Indonesia,Beckie,Gard,bgardpq@ifeng.com,Female,199.117.209.210
Argentina,Laird,Batteson,lbattesonpr@webnode.com,Male,254.117.53.4
Fiji,Amandie,Dewick,adewickps@facebook.com,Female,184.184.119.196
Czech Republic,Jarrid,McCrachen,jmccrachenpt@bbb.org,Male,163.10.77.231
Czech Republic,Sarita,Bradnum,sbradnumpu@mediafire.com,Female,138.73.179.186
China,Whit,Longo,,Male,164.168.40.232
Indonesia,Karil,Merring,kmerringpw@typepad.com,Female,74.99.76.247
Philippines,Arabele,Fassbindler,afassbindlerpx@wp.com,Female,2.81.192.162
Belarus,Skell,Derr,sderrpy@reddit.com,Male,207.68.195.17
Sweden,Jareb,Sproat,jsproatpz@unesco.org,Male,93.98.231.98
Syria,Imogen,Woollett,iwoollettq0@tripadvisor.com,Female,68.163.179.119
China,Jecho,Tripp,jtrippq1@photobucket.com,Agender,222.17.63.98
Indonesia,Dora,Carress,dcarressq2@weebly.com,Female,57.207.226.114
Indonesia,Templeton,Chicken,tchickenq3@ebay.co.uk,Male,236.109.112.82
Botswana,Thomasine,Kynd,tkyndq4@kickstarter.com,Female,105.174.109.211
China,Honor,Seston,hsestonq5@mapquest.com,Female,
Philippines,Shelly,Krolman,skrolmanq6@cnet.com,Female,206.15.255.171
Indonesia,Natka,Duffil,nduffilq7@sfgate.com,Female,29.40.180.225
Indonesia,Del,Ramirez,dramirezq8@about.com,Male,137.83.116.221
Czech Republic,Randene,Whyborn,rwhybornq9@ftc.gov,Female,
China,Lynn,Millis,lmillisqa@github.io,Male,170.111.190.150
Philippines,Ely,Powland,epowlandqb@wikia.com,Male,
Sweden,Dayna,Entwistle,,Female,34.85.25.78
Sweden,Schuyler,Imlin,simlinqd@xinhuanet.com,Male,217.65.56.37
Poland,Broddie,Draco,,Male,145.99.169.254
Brazil,Hilary,McNeilly,,Male,233.170.74.98
Russia,Bernadette,Burris,bburrisqg@buzzfeed.com,Non-binary,108.77.184.19
Russia,Jessie,Pothecary,jpothecaryqh@usgs.gov,Male,203.195.85.178
Tunisia,Skipper,Mc Kellen,,Male,
Philippines,Aldridge,Castagneri,acastagneriqj@privacy.gov.au,Male,193.104.219.155
China,Riane,Bogies,rbogiesqk@cnet.com,Female,149.255.113.210
China,Boony,Sangster,bsangsterql@wordpress.org,Male,38.240.155.141
Russia,Packston,Hearfield,phearfieldqm@e-recht24.de,Male,97.40.130.239
Russia,Rourke,Leighfield,rleighfieldqn@patch.com,Male,65.119.92.53
Albania,Elli,Olyff,eolyffqo@tripod.com,Female,228.108.210.194
China,Wilmette,Springell,wspringellqp@aol.com,Female,204.150.100.224
Indonesia,Roseanna,Plant,rplantqq@wisc.edu,Female,
China,Kaylee,Playle,kplayleqr@engadget.com,Female,122.121.241.99
Micronesia,Kirbie,Luety,kluetyqs@comcast.net,Female,214.17.118.225
Bosnia and Herzegovina,Simona,Davidovics,sdavidovicsqt@home.pl,Female,200.88.119.10
Japan,Gweneth,Simion,gsimionqu@si.edu,Female,247.54.55.175
China,Dwight,Johnes,djohnesqv@google.de,Male,80.23.122.237
Sri Lanka,Inessa,Mibourne,imibourneqw@wired.com,Female,105.37.57.210
Chile,Berti,Akroyd,,Male,55.88.106.169
Indonesia,Sharla,Kealy,skealyqy@squidoo.com,Female,130.253.234.180
Brazil,Carol-jean,Kirdsch,ckirdschqz@list-manage.com,Female,48.211.163.75
Russia,Misha,Ivanishev,mivanishevr0@aboutads.info,Female,
Finland,Sapphire,Apps,,Female,178.225.113.10
United States,Stoddard,Mertgen,smertgenr2@posterous.com,Female,102.221.2.98
Mexico,Barbee,Muat,bmuatr3@hud.gov,Female,164.218.185.124
Vietnam,Joelly,MacLachlan,jmaclachlanr4@vimeo.com,Agender,221.1.253.233
China,Sharity,Davy,sdavyr5@naver.com,Female,251.237.229.221
Indonesia,Alvin,O'Donohue,aodonohuer6@xrea.com,Male,167.119.107.230
Ukraine,Meridith,Gooding,mgoodingr7@google.pl,Female,135.147.217.97
Indonesia,Kellen,Yitzovicz,,Male,183.77.94.189
Belarus,Samantha,Broadberrie,sbroadberrier9@blinklist.com,Female,52.201.46.167
China,Nicola,Blesing,nblesingra@list-manage.com,Male,41.34.152.150
Indonesia,Christalle,Heinonen,cheinonenrb@psu.edu,Female,18.112.17.205
China,Gisella,Gallier,ggallierrc@last.fm,Non-binary,114.83.42.232
Norway,Vittoria,Hail,vhailrd@plala.or.jp,Female,115.74.18.144
Uganda,Jerrie,Hasard,jhasardre@printfriendly.com,Male,237.42.38.21
China,Luther,Brokenbrow,lbrokenbrowrf@hibu.com,Male,103.159.52.224
China,Livvyy,Klee,lkleerg@soundcloud.com,Female,69.75.205.128
Namibia,Heath,Greene,,Female,
Indonesia,Courtnay,Haddon,chaddonri@ocn.ne.jp,Female,54.27.129.172
Tunisia,Nichole,Briscow,nbriscowrj@google.fr,Male,158.109.254.12
Croatia,Laurie,Everleigh,leverleighrk@cyberchimps.com,Male,127.100.230.82
Philippines,Roth,de Mullett,rdemullettrl@printfriendly.com,Male,127.106.12.19
Ukraine,Karena,Elger,kelgerrm@networksolutions.com,Female,74.219.101.65
Nicaragua,Rosette,Molohan,rmolohanrn@pcworld.com,Non-binary,92.239.6.212
Greece,Buddy,Glazebrook,,Male,60.91.128.189
Indonesia,Staford,Drabble,sdrabblerp@addtoany.com,Male,239.216.59.13
China,Stan,Sumers,ssumersrq@apple.com,Male,1.215.99.63
Russia,Cozmo,Wyett,cwyettrr@shop-pro.jp,Male,167.137.128.162
